0	edouard45@mygale.org
1	perrinantoine@mygale.org
2	qcarpentier@mygale.org
3	pleveque@caramail.fr
4	laurent31@mygale.org
5	qle-roux@caramail.fr
6	lerouxhugues@mygale.org
7	martinsemile@mygale.org
8	suzannebonnin@caramail.fr
9	wagnermarc@spray.fr
10	echartier@caramail.fr
11	adrien67@caramail.fr
12	ecousin@spray.fr
13	yves74@spray.fr
14	lucasmanon@caramail.fr
15	michel68@caramail.fr
16	yroux@caramail.fr
17	bernadette31@spray.fr
18	yrossi@mygale.org
19	nathalie37@mygale.org
20	durandcelina@caramail.fr
21	jourdaneleonore@spray.fr
22	manon82@mygale.org
23	alixpoulain@mygale.org
24	cpotier@mygale.org
25	marinemunoz@spray.fr
26	zoeblondel@caramail.fr
27	nblin@freesurf.fr
28	zboutin@caramail.fr
29	nath54@mygale.org
30	dominique23@spray.fr
31	delannoyodette@caramail.fr
32	cordierzacharie@caramail.fr
33	thibautmaury@spray.fr
34	isamson@caramail.fr
35	henrietteguillet@spray.fr
36	jeannegomes@clubinternet.fr
37	marguerite94@spray.fr
38	kpierre@mygale.org
39	thumbert@caramail.fr
40	rogergirard@mygale.org
41	faivrethierry@caramail.fr
42	bcharpentier@spray.fr
43	opottier@mygale.org
44	fcohen@mygale.org
45	alix64@spray.fr
46	humbertlucie@mygale.org
47	sebastienpottier@spray.fr
48	zoe60@mygale.org
49	davidtherese@infonie.fr
50	danieljacquet@mygale.org
51	manonjacob@spray.fr
52	hervesusan@caramail.fr
53	marcelle17@caramail.fr
54	frederiquetessier@freesbee.fr
55	augustin32@mygale.org
56	mathildebodin@mygale.org
57	corinneverdier@tele2.fr
58	adrienne45@mygale.org
59	mauricelegendre@spray.fr
60	marincelina@caramail.fr
61	margaud54@mygale.org
62	alexandria84@spray.fr
63	laurent32@spray.fr
64	arnaudedupre@mygale.org
65	richardcohen@mygale.org
66	guibertthibaut@mygale.org
67	joubertlorraine@caramail.fr
68	yvesmartel@caramail.fr
69	noel69@francenet.fr
70	danielstephanie@caramail.fr
71	thomasgomez@spray.fr
72	rousseaumarc@spray.fr
73	mgilles@mygale.org
74	ogillet@caramail.fr
75	oleleu@spray.fr
76	josetterodrigues@spray.fr
77	laurenttraore@spray.fr
78	ameliegaudin@caramail.fr
79	qmaury@worldnet.fr
80	jacquelinebailly@compuserve.org
81	eleonoregregoire@caramail.fr
82	dos-santosnicole@spray.fr
83	emmanuellerousseau@alice.fr
84	thomaseleonore@mangoosta.net
85	joseph04@mygale.org
86	michellemunoz@spray.fr
87	maggieleroux@spray.fr
88	umarques@spray.fr
89	isabellemaillet@mygale.org
90	benoit58@caramail.fr
91	gabriellamy@caramail.fr
92	piresfranck@mygale.org
93	claude56@mygale.org
94	henryclaude@mygale.org
95	elodie87@spray.fr
96	aurorerossi@caramail.fr
97	otoussaint@caramail.fr
98	olivier78@caramail.fr
99	adele52@spray.fr
100	capucine20@mygale.org
101	mariedelmas@caramail.fr
102	annebigot@mygale.org
103	jeanneturpin@caramail.fr
104	ymasse@spray.fr
105	bbourdon@spray.fr
106	pierredevaux@caramail.fr
107	leclercqcolette@mygale.org
108	robert73@spray.fr
109	vlebreton@surfplus.net
110	yandre@caramail.fr
111	julienmarechal@caramail.fr
112	gregoiremenard@spray.fr
113	alixrenault@citefibre.fr
114	victoirebarthelemy@mygale.org
115	robertrodriguez@caramail.fr
116	costagerard@spray.fr
117	noelmaurice@mygale.org
118	nlouis@spray.fr
119	kdos-santos@caramail.fr
120	rossirobert@mygale.org
121	udelorme@spray.fr
122	clemence03@caramail.fr
123	diazhelene@caramail.fr
124	gillesgilbert@spray.fr
125	texieragnes@caramail.fr
126	marysethibault@caramail.fr
127	nicole08@mygale.org
128	ethierry@mygale.org
129	yguibert@mygale.org
130	helenelenoir@spray.fr
131	marie76@caramail.fr
132	charlotteledoux@mygale.org
133	mathieuvalerie@caramail.fr
134	louise67@spray.fr
135	vfontaine@mygale.org
136	reybertrand@caramail.fr
137	lucygimenez@caramail.fr
138	gabrielpineau@caramail.fr
139	hmarchal@spray.fr
140	adelaide61@mygale.org
141	lelievrelucas@caramail.fr
142	bertrandleblanc@spray.fr
143	zbarbe@mygale.org
144	wgarnier@spray.fr
145	nhardy@mygale.org
146	rolandguillet@mygale.org
147	gomesyves@mygale.org
148	penelopeseguin@caramail.fr
149	bernardvictoire@spray.fr
150	andree73@spray.fr
151	obonnin@mygale.org
152	vrossi@spray.fr
153	lgodard@mygale.org
154	margueritecollin@caramail.fr
155	marthelejeune@mygale.org
156	gabrielle99@spray.fr
157	lemairechristiane@mygale.org
158	broyer@caramail.fr
159	gomesgilles@spray.fr
160	ogimenez@spray.fr
161	danielleon@caramail.fr
162	ecolas@mygale.org
163	bernard98@caramail.fr
164	danieldufour@spray.fr
165	sylvieroux@mygale.org
166	wadam@spray.fr
167	marianne94@caramail.fr
168	ygeorges@spray.fr
169	sabine96@caramail.fr
170	margaretgillet@caramail.fr
171	ubigot@mygale.org
172	hdaniel@spray.fr
173	bergernathalie@spray.fr
174	jeanne85@spray.fr
175	rweber@mygale.org
176	malletvincent@caramail.fr
177	fmartins@spray.fr
178	brunlucy@mygale.org
179	adelebriand@spray.fr
180	alexandre98@caramail.fr
181	celina08@mygale.org
182	ceciledupuy@spray.fr
183	traoresusanne@mygale.org
184	capucinemorin@spray.fr
185	ocoulon@mygale.org
186	alaporte@mygale.org
187	carpentiertristan@spray.fr
188	helene65@mygale.org
189	germaindavid@spray.fr
190	voisinemilie@mygale.org
191	boyereric@spray.fr
192	clercalain@caramail.fr
193	robertfaure@caramail.fr
194	marie45@spray.fr
195	philippine16@caramail.fr
196	julie26@caramail.fr
197	lucvalette@caramail.fr
198	tbriand@mygale.org
199	julie59@caramail.fr
200	celineblot@spray.fr
201	schmitttherese@spray.fr
202	astrid91@caramail.fr
203	thibaultluc@spray.fr
204	kdescamps@mygale.org
205	julien15@spray.fr
206	sauvagejuliette@spray.fr
207	suzanne12@caramail.fr
208	erichebert@caramail.fr
209	benoit34@mygale.org
210	sebastienweber@caramail.fr
211	payetnicolas@caramail.fr
212	clercisabelle@caramail.fr
213	pelletiersabine@spray.fr
214	alixschmitt@caramail.fr
215	alexandriacolin@caramail.fr
216	rousselalexandria@caramail.fr
217	anastasie24@mygale.org
218	timotheeallard@caramail.fr
219	bernardmonique@caramail.fr
220	prenault@caramail.fr
221	alphonserichard@mygale.org
222	noemitecher@mygale.org
223	suzannemartin@spray.fr
224	rpelletier@spray.fr
225	seguingenevieve@caramail.fr
226	henri29@mygale.org
227	gregoiresophie@mygale.org
228	fontainetherese@mygale.org
229	berthelotjacques@spray.fr
230	sbaron@spray.fr
231	valentinephilippe@caramail.fr
232	laurence36@caramail.fr
233	alphonse90@caramail.fr
234	daniel84@spray.fr
235	leclercqmatthieu@mygale.org
236	agathefaivre@mygale.org
237	renee61@mygale.org
238	gilles78@spray.fr
239	astrid64@mygale.org
240	augernicole@caramail.fr
241	levequevictor@caramail.fr
242	bourdonnathalie@mygale.org
243	ujacob@spray.fr
244	morenolucy@caramail.fr
245	anastasie16@caramail.fr
246	ydufour@mygale.org
247	bessonalexandrie@spray.fr
248	mariehebert@spray.fr
249	alvesnoel@caramail.fr
250	paulettegarnier@mygale.org
251	jacques40@mygale.org
252	rperrin@caramail.fr
253	verdiermarcel@caramail.fr
254	olemaitre@caramail.fr
255	gerard90@mygale.org
256	nathaliepeltier@mygale.org
257	gerardferrand@mygale.org
258	juliendenis@mygale.org
259	joubertpaulette@mygale.org
260	atanguy@mygale.org
261	delmassylvie@caramail.fr
262	dbourgeois@caramail.fr
263	margaux64@spray.fr
264	franck02@mygale.org
265	mathieuyves@spray.fr
266	clementines@spray.fr
267	fcarre@caramail.fr
268	celine08@mygale.org
269	wlemaitre@spray.fr
270	catherinemary@caramail.fr
271	aurelie22@spray.fr
272	boulangerhenriette@mygale.org
273	cordiermichel@mygale.org
274	hugues44@spray.fr
275	mnoel@mygale.org
276	frederic16@mygale.org
277	christine38@caramail.fr
278	honore93@caramail.fr
279	emmanuelleleu@caramail.fr
280	chantal80@caramail.fr
281	tcolin@mygale.org
282	aimee38@mygale.org
283	polivier@caramail.fr
284	bertrandbonnin@mygale.org
285	de-sousahelene@caramail.fr
286	mariannegauthier@spray.fr
287	acoste@caramail.fr
288	da-costaclemence@mygale.org
289	boucherdominique@caramail.fr
290	jerome24@spray.fr
291	benoitpetitjean@mygale.org
292	antoinetteregnier@spray.fr
293	lorraine05@mygale.org
294	adelaideperrin@mygale.org
295	thereserousseau@spray.fr
296	emmanuelweber@spray.fr
297	martinlebreton@mygale.org
298	nbesson@spray.fr
299	fhoarau@mygale.org
300	olombard@caramail.fr
301	zbazin@spray.fr
302	dblondel@mygale.org
303	josette15@mygale.org
304	fgosselin@caramail.fr
305	de-sousamaggie@caramail.fr
306	victorgillet@spray.fr
307	gimenezines@caramail.fr
308	benoitpires@spray.fr
309	durandlaurent@mygale.org
310	benoitlanglois@spray.fr
311	yduhamel@caramail.fr
312	schmittchristine@mygale.org
313	odettedijoux@mygale.org
314	daniellebrunet@mygale.org
315	davidcousin@mygale.org
316	davidelisabeth@spray.fr
317	ibarthelemy@caramail.fr
318	alix29@mygale.org
319	wparis@mygale.org
320	bdubois@mygale.org
321	xthomas@caramail.fr
322	lperrot@caramail.fr
323	olivierguibert@caramail.fr
324	wagnerarthur@caramail.fr
325	valeriegimenez@spray.fr
326	charles64@caramail.fr
327	susanne29@caramail.fr
328	jerome81@spray.fr
329	aimebourdon@caramail.fr
330	arthur76@caramail.fr
331	denisbrigitte@mygale.org
332	matthieulacombe@spray.fr
333	ularoche@caramail.fr
334	gbegue@caramail.fr
335	lejeunefrederic@caramail.fr
336	rogerbenoit@mygale.org
337	vlagarde@mygale.org
338	frederic26@caramail.fr
339	bourdonmargot@caramail.fr
340	dtecher@mygale.org
341	zloiseau@caramail.fr
342	eleonore69@caramail.fr
343	audrey92@spray.fr
344	colettelegros@mygale.org
345	zimbert@mygale.org
346	lucieguillou@spray.fr
347	tlesage@caramail.fr
348	antoinetterolland@mygale.org
349	qbazin@caramail.fr
350	dmercier@caramail.fr
351	patriciacollet@spray.fr
352	alex18@mygale.org
353	cledoux@spray.fr
354	mathilde86@mygale.org
355	bpineau@mygale.org
356	marcmerle@mygale.org
357	rossilucas@caramail.fr
358	davidfabre@mygale.org
359	delormepaul@caramail.fr
360	imarie@caramail.fr
361	petitaudrey@spray.fr
362	dferreira@spray.fr
363	adrienleveque@spray.fr
364	reneechartier@spray.fr
365	dominique79@spray.fr
366	xcollet@mygale.org
367	simonedenis@caramail.fr
368	augustin25@spray.fr
369	blancmichele@spray.fr
370	stephanie05@spray.fr
371	juliettebertin@caramail.fr
372	zachariebazin@mygale.org
373	margaud92@caramail.fr
374	buissonmarine@mygale.org
375	andre82@mygale.org
376	mauryelodie@mygale.org
377	patrick39@mygale.org
378	morinbrigitte@caramail.fr
379	vdufour@caramail.fr
380	lucie98@spray.fr
381	rperrier@spray.fr
382	jvincent@caramail.fr
383	suzannecousin@spray.fr
384	vincent56@caramail.fr
385	choareau@caramail.fr
386	laurence34@caramail.fr
387	martymadeleine@mygale.org
388	marcelle85@mygale.org
389	michelarnaude@mygale.org
390	thibautmenard@caramail.fr
391	simone96@caramail.fr
392	tcharpentier@mygale.org
393	legroslucas@mygale.org
394	charpentierlaurent@mygale.org
395	genevieve57@spray.fr
396	perretmarie@caramail.fr
397	honore32@caramail.fr
398	nle-gall@spray.fr
399	costamanon@caramail.fr
400	lucboutin@caramail.fr
401	stephanie41@mygale.org
402	antoinelombard@spray.fr
403	richardledoux@spray.fr
404	dbegue@spray.fr
405	bourgeoismargaud@caramail.fr
406	constance00@mygale.org
407	richardzacharie@mygale.org
408	diazcharlotte@mygale.org
409	rene65@spray.fr
410	lesagejerome@caramail.fr
411	denise71@spray.fr
412	wchevalier@caramail.fr
413	payetalix@spray.fr
414	margaudbesnard@mygale.org
415	martinmunoz@mygale.org
416	nbruneau@spray.fr
417	alexandrie88@spray.fr
418	carolineremy@caramail.fr
419	mathieuceline@mygale.org
420	nathbesson@spray.fr
421	laurencemartel@mygale.org
422	marctoussaint@caramail.fr
423	cleduc@mygale.org
424	patricia15@spray.fr
425	emmanuelcarre@spray.fr
426	levymathilde@caramail.fr
427	cduval@caramail.fr
428	fthierry@mygale.org
429	ndupuy@caramail.fr
430	celinavasseur@mygale.org
431	anouklambert@spray.fr
432	nathalieguilbert@caramail.fr
433	capucinehardy@mygale.org
434	dominiquebesson@mygale.org
435	sroche@mygale.org
436	christellerobert@spray.fr
437	henriette99@spray.fr
438	levymatthieu@caramail.fr
439	charlesgabrielle@spray.fr
440	blanchetmartine@spray.fr
441	olivielaurent@spray.fr
442	margot92@mygale.org
443	mpinto@caramail.fr
444	dpayet@spray.fr
445	margotgilles@caramail.fr
446	bjean@caramail.fr
447	odettebriand@spray.fr
448	pauline54@spray.fr
449	dbegue@mygale.org
450	gomezeric@caramail.fr
451	josetteneveu@mygale.org
452	lefebvreguillaume@mygale.org
453	luciegaillard@caramail.fr
454	isaaccaron@caramail.fr
455	noemi08@caramail.fr
456	aimee59@mygale.org
457	denislemoine@mygale.org
458	aimee15@mygale.org
459	xherve@spray.fr
460	michelfischer@caramail.fr
461	margaretraynaud@caramail.fr
462	constancerey@caramail.fr
463	alexandria62@caramail.fr
464	camille64@mygale.org
465	martheguyot@caramail.fr
466	valentinehubert@mygale.org
467	maggiegrenier@mygale.org
468	royrobert@spray.fr
469	celinanoel@caramail.fr
470	brunetgilles@mygale.org
471	odettefaivre@spray.fr
472	ppicard@caramail.fr
473	hoareauchristine@caramail.fr
474	gayisabelle@mygale.org
475	nicoleprevost@spray.fr
476	eleonoredelannoy@spray.fr
477	frederique45@mygale.org
478	schmittcaroline@caramail.fr
479	barbierandree@spray.fr
480	maggieleclerc@spray.fr
481	guillonjean@spray.fr
482	elisabethguyot@spray.fr
483	acarre@mygale.org
484	daniellesage@caramail.fr
485	henriette58@caramail.fr
486	marcelchretien@caramail.fr
487	josephdelahaye@mygale.org
488	mercierlorraine@caramail.fr
489	jeanninetorres@caramail.fr
490	vidalnath@caramail.fr
491	nicolebazin@mygale.org
492	pgiraud@spray.fr
493	alice88@caramail.fr
494	jolymargot@mygale.org
495	rogerpons@mygale.org
496	lucie66@caramail.fr
497	laurent92@mygale.org
498	faivregeorges@mygale.org
499	virginie17@spray.fr
500	tvincent@spray.fr
501	alexandriarey@caramail.fr
502	turpinzoe@caramail.fr
503	agatheperret@caramail.fr
504	juliele-goff@caramail.fr
505	jlombard@caramail.fr
506	rmichaud@spray.fr
507	michel92@caramail.fr
508	moniquemarchal@caramail.fr
509	oliviecollet@caramail.fr
510	gilberttherese@spray.fr
511	delormeelisabeth@spray.fr
512	gabrielle37@spray.fr
513	jfernandes@mygale.org
514	uclerc@caramail.fr
515	benjamin40@spray.fr
516	xweber@spray.fr
517	lecoqthomas@spray.fr
518	josephineadam@spray.fr
519	laurence84@caramail.fr
520	tgarcia@caramail.fr
521	remybodin@spray.fr
522	mjulien@caramail.fr
523	delmassebastien@mygale.org
524	martinezfrancoise@spray.fr
525	marcboulay@mygale.org
526	bguillaume@caramail.fr
527	martheguillaume@mygale.org
528	bertrand95@caramail.fr
529	vmenard@caramail.fr
530	laurencetraore@mygale.org
531	matthieuda-costa@mygale.org
532	christine25@mygale.org
533	francoisstephane@caramail.fr
534	chantaldelahaye@spray.fr
535	navarromarcelle@mygale.org
536	guibertnicole@caramail.fr
537	vaillantluc@spray.fr
538	ddidier@spray.fr
539	dpereira@spray.fr
540	adrienne39@mygale.org
541	andrearnaude@caramail.fr
542	tledoux@caramail.fr
543	emilielemaire@caramail.fr
544	turpinmaryse@mygale.org
545	arnaude41@spray.fr
546	qlemaire@spray.fr
547	adriennegaillard@mygale.org
548	madeleine01@caramail.fr
549	zlesage@mygale.org
550	qalexandre@mygale.org
551	jeanne66@spray.fr
552	anouk44@mygale.org
553	alphonse60@caramail.fr
554	suzannehenry@mygale.org
555	christiane99@caramail.fr
556	lacombecapucine@mygale.org
557	agnescharles@mygale.org
558	yves72@mygale.org
559	suzanneteixeira@mygale.org
560	margaux24@mygale.org
561	andree54@mygale.org
562	ponsfrederique@mygale.org
563	duhameltimothee@mygale.org
564	marthecordier@mygale.org
565	djourdan@caramail.fr
566	thibault77@caramail.fr
567	rribeiro@caramail.fr
568	dchauvet@spray.fr
569	vgauthier@mygale.org
570	michelemunoz@mygale.org
571	costecharlotte@caramail.fr
572	patrickbaron@spray.fr
573	isabelleaubert@caramail.fr
574	lucypeltier@spray.fr
575	philippine78@spray.fr
576	ncolas@mygale.org
577	remyjoubert@spray.fr
578	gregoirejules@caramail.fr
579	diassusanne@spray.fr
580	xbertin@caramail.fr
581	martineda-costa@spray.fr
582	ifrancois@spray.fr
583	olivierbernadette@caramail.fr
584	legendremadeleine@caramail.fr
585	shardy@caramail.fr
586	dupuisjulien@caramail.fr
587	celinede-sousa@mygale.org
588	qcoulon@caramail.fr
589	nguyenlouise@mygale.org
590	dberthelot@mygale.org
591	clemence25@caramail.fr
592	boulayalain@spray.fr
593	marianne43@mygale.org
594	arthur90@caramail.fr
595	alfrednormand@mygale.org
596	anoukgay@spray.fr
597	merlethibaut@caramail.fr
598	kleinelisabeth@caramail.fr
599	arthurpaul@caramail.fr
600	hfrancois@caramail.fr
601	louise16@mygale.org
602	oteixeira@caramail.fr
603	adrien22@mygale.org
604	claudinebigot@spray.fr
605	qfaivre@caramail.fr
606	mmaillot@caramail.fr
607	anastasie75@caramail.fr
608	grousseau@caramail.fr
609	marcel29@caramail.fr
610	bazinalix@mygale.org
611	thibault86@spray.fr
612	madeleinebourdon@spray.fr
613	alice08@caramail.fr
614	anastasiegillet@spray.fr
615	blanchetvictoire@mygale.org
616	luc39@caramail.fr
617	bonninclaude@mygale.org
618	uaubert@spray.fr
619	paulette55@mygale.org
620	rochersusan@spray.fr
621	otessier@mygale.org
622	henriette47@spray.fr
623	pelletierlaurent@mygale.org
624	lorraineleclercq@spray.fr
625	frederique35@spray.fr
626	chauveauvalerie@spray.fr
627	aurelierodrigues@caramail.fr
628	kneveu@spray.fr
629	pnavarro@caramail.fr
630	clemence67@caramail.fr
631	kpaul@spray.fr
632	carpentierhenri@caramail.fr
633	bouvierchristelle@mygale.org
634	hortense37@spray.fr
635	ggautier@spray.fr
636	jherve@mygale.org
637	schmittwilliam@mygale.org
638	lemairestephanie@caramail.fr
639	mlevy@spray.fr
640	michaudvalerie@mygale.org
641	xmenard@mygale.org
642	simone05@caramail.fr
643	anouk04@spray.fr
644	seguinmathilde@caramail.fr
645	morvaneugene@mygale.org
646	rlouis@caramail.fr
647	jeanninemerle@caramail.fr
648	claudinepotier@mygale.org
649	adrienneriou@caramail.fr
650	kdupre@caramail.fr
651	kklein@mygale.org
652	chantal50@mygale.org
653	barrejules@spray.fr
654	lucy04@spray.fr
655	royerjules@mygale.org
656	victor10@mygale.org
657	bernardelise@spray.fr
658	michel02@mygale.org
659	trousset@caramail.fr
660	clemaitre@mygale.org
661	bernard36@mygale.org
662	kleinines@mygale.org
663	williamhamon@mygale.org
664	wgaudin@spray.fr
665	antoinette45@spray.fr
666	launayalphonse@spray.fr
667	aclerc@mygale.org
668	helene47@spray.fr
669	perrinlucie@spray.fr
670	vcoste@mygale.org
671	emilebesnard@mygale.org
672	emile43@mygale.org
673	mathilde13@mygale.org
674	jean31@caramail.fr
675	marie02@caramail.fr
676	aurelie51@caramail.fr
677	julienmonnier@caramail.fr
678	louistessier@caramail.fr
679	remybenjamin@caramail.fr
680	michaudyves@mygale.org
681	ggeorges@spray.fr
682	ribeirolouis@caramail.fr
683	agnes11@caramail.fr
684	marguerite76@mygale.org
685	helene86@caramail.fr
686	diazoceane@spray.fr
687	fpascal@mygale.org
688	aimee95@caramail.fr
689	christianele-roux@spray.fr
690	aime87@mygale.org
691	martinlemoine@mygale.org
692	tristan65@caramail.fr
693	bernierfrederic@caramail.fr
694	chevalliercapucine@caramail.fr
695	hdavid@caramail.fr
696	duboisalexandria@caramail.fr
697	simonegrenier@mygale.org
698	bodincelina@caramail.fr
699	thierrymarchal@caramail.fr
700	lombardmaurice@caramail.fr
701	susannemathieu@caramail.fr
702	inespichon@mygale.org
703	aleveque@caramail.fr
704	charles19@spray.fr
705	matthieu51@caramail.fr
706	sebastienlegrand@spray.fr
707	turpinelodie@caramail.fr
708	valerie00@caramail.fr
709	anais71@spray.fr
710	nathjoubert@mygale.org
711	danielle76@caramail.fr
712	gmartel@spray.fr
713	sgosselin@mygale.org
714	omarin@caramail.fr
715	susanneroger@caramail.fr
716	robinjuliette@caramail.fr
717	bgomes@caramail.fr
718	beckeremilie@caramail.fr
719	henrietterenault@spray.fr
720	pelletiervincent@mygale.org
721	celina27@caramail.fr
722	xguillet@mygale.org
723	loiseauvincent@spray.fr
724	regnieradrien@spray.fr
725	lucas84@caramail.fr
726	gabrielparis@mygale.org
727	thierrybourdon@mygale.org
728	hbarbe@caramail.fr
729	leon64@caramail.fr
730	rochealfred@mygale.org
731	benoitmonnier@spray.fr
732	gilles02@caramail.fr
733	daniel33@mygale.org
734	lcordier@caramail.fr
735	jpasquier@spray.fr
736	hameljulie@caramail.fr
737	barresebastien@mygale.org
738	mariannechretien@spray.fr
739	cohenisaac@mygale.org
740	julien61@caramail.fr
741	joseph70@caramail.fr
742	wmorvan@caramail.fr
743	louis17@caramail.fr
744	sebastienlagarde@spray.fr
745	rlebon@spray.fr
746	emilejacquot@mygale.org
747	glefebvre@mygale.org
748	augustin12@caramail.fr
749	leleuvincent@spray.fr
750	petitnoemi@mygale.org
751	andree72@spray.fr
752	pmeyer@mygale.org
753	reneegiraud@mygale.org
754	jules74@mygale.org
755	delaunaysimone@caramail.fr
756	lecontepaul@caramail.fr
757	ybarthelemy@caramail.fr
758	bouvierwilliam@spray.fr
759	xavier10@mygale.org
760	robertroger@spray.fr
761	adeschamps@spray.fr
762	dupretheophile@mygale.org
763	oceaneboulay@mygale.org
764	julielegros@mygale.org
765	celinameunier@caramail.fr
766	aleximbert@spray.fr
767	veronique26@caramail.fr
768	renehuet@caramail.fr
769	barbiermichelle@caramail.fr
770	rle-goff@mygale.org
771	rouxvincent@spray.fr
772	constance71@mygale.org
773	langloisaugustin@mygale.org
774	neveulucas@caramail.fr
775	clebon@spray.fr
776	lucas92@caramail.fr
777	claudinegilles@spray.fr
778	martinezfrancois@spray.fr
779	eleonore02@spray.fr
780	guillounathalie@mygale.org
781	henryemilie@caramail.fr
782	francoislucie@mygale.org
783	capucine34@caramail.fr
784	josephallain@spray.fr
785	pvalentin@spray.fr
786	mgerard@mygale.org
787	christine28@mygale.org
788	pleroy@caramail.fr
789	xmerle@spray.fr
790	pereiravalerie@spray.fr
791	barremathilde@spray.fr
792	daniel20@mygale.org
793	williamrichard@spray.fr
794	benoitdubois@mygale.org
795	louisetienne@spray.fr
796	gonzalezemmanuel@caramail.fr
797	georges94@spray.fr
798	jules48@caramail.fr
799	aboulanger@spray.fr
800	jacquesmichelle@caramail.fr
801	bigotvictor@spray.fr
802	frederiqueboulanger@spray.fr
803	sguichard@mygale.org
804	beckerodette@caramail.fr
805	gregoire00@spray.fr
806	draymond@mygale.org
807	martin99@mygale.org
808	kbrun@mygale.org
809	roland97@spray.fr
810	boulayisaac@mygale.org
811	isaac36@spray.fr
812	hoarauaimee@spray.fr
813	traorelaurent@caramail.fr
814	alexandrieauger@spray.fr
815	voisindenise@caramail.fr
816	remy41@mygale.org
817	otanguy@caramail.fr
818	gilbert29@spray.fr
819	jroux@mygale.org
820	philippelamy@spray.fr
821	lucy22@caramail.fr
822	xcharrier@caramail.fr
823	stephanie78@spray.fr
824	uclerc@mygale.org
825	buissonlorraine@spray.fr
826	dregnier@caramail.fr
827	cohenhugues@caramail.fr
828	mchevallier@spray.fr
829	sabinenguyen@caramail.fr
830	astridraymond@mygale.org
831	marine41@spray.fr
832	josephinebertin@caramail.fr
833	elisabeth11@spray.fr
834	pichonnicole@spray.fr
835	zoemartinez@caramail.fr
836	michelle38@spray.fr
837	pierregabriel@caramail.fr
838	carliermargot@spray.fr
839	josephmaillot@caramail.fr
840	nicole59@caramail.fr
841	antoinefouquet@caramail.fr
842	morvangenevieve@mygale.org
843	madeleine52@mygale.org
844	jeanne64@spray.fr
845	nathaliebonnet@spray.fr
846	gaydenis@spray.fr
847	marianneriou@mygale.org
848	adelaide14@mygale.org
849	rlaunay@caramail.fr
850	fdos-santos@mygale.org
851	lambertauguste@spray.fr
852	ubourgeois@spray.fr
853	camillebuisson@spray.fr
854	nicole49@spray.fr
855	lefebvrelouise@caramail.fr
856	josetteraymond@spray.fr
857	franck19@spray.fr
858	xbertrand@spray.fr
859	laetitiafernandez@mygale.org
860	prevostelisabeth@spray.fr
861	veroniquelacroix@spray.fr
862	faivremargaux@caramail.fr
863	margot73@spray.fr
864	henriette83@caramail.fr
865	alexandrie71@caramail.fr
866	pruvostnicolas@mygale.org
867	louis04@mygale.org
868	ablin@caramail.fr
869	honorebertrand@caramail.fr
870	prevostmadeleine@spray.fr
871	zhoareau@caramail.fr
872	corinneribeiro@spray.fr
873	alfred94@mygale.org
874	camusalexandria@caramail.fr
875	rolanddos-santos@caramail.fr
876	pineaueleonore@mygale.org
877	jolytimothee@spray.fr
878	denise83@mygale.org
879	rtanguy@mygale.org
880	olivie84@spray.fr
881	roland15@caramail.fr
882	huguesdos-santos@mygale.org
883	wperrin@caramail.fr
884	wboucher@caramail.fr
885	denise44@caramail.fr
886	luce16@mygale.org
887	gaillardantoinette@caramail.fr
888	veronique88@mygale.org
889	omarchand@spray.fr
890	joseph94@spray.fr
891	thomasmargaud@spray.fr
892	juliediallo@spray.fr
893	duprefrederic@spray.fr
894	honoremaury@caramail.fr
895	uleroy@spray.fr
896	lucas40@spray.fr
897	aimee14@caramail.fr
898	henrilejeune@mygale.org
899	dufourelodie@caramail.fr
900	rioucelina@spray.fr
901	blinmartine@caramail.fr
902	laurenceadam@mygale.org
903	yphilippe@mygale.org
904	rossiisaac@spray.fr
905	theophile62@caramail.fr
906	lopestheophile@caramail.fr
907	vincentseguin@spray.fr
908	ines29@mygale.org
909	zoetanguy@mygale.org
910	xroyer@spray.fr
911	amarie@caramail.fr
912	guyotastrid@mygale.org
913	gilbertceline@spray.fr
914	bhamon@mygale.org
915	michelle94@spray.fr
916	ujacques@mygale.org
917	xrousseau@spray.fr
918	benoitparent@caramail.fr
919	utorres@mygale.org
920	bdiaz@mygale.org
921	rgay@mygale.org
922	amelie98@mygale.org
923	psimon@mygale.org
924	bertrand30@spray.fr
925	dorotheeperez@spray.fr
926	kfischer@mygale.org
927	henrietterossi@spray.fr
928	matthieu45@spray.fr
929	anastasiepineau@mygale.org
930	wbernier@mygale.org
931	evasseur@caramail.fr
932	alexandriahuet@mygale.org
933	nathalie51@mygale.org
934	courtoislouis@spray.fr
935	ygosselin@mygale.org
936	marieaubry@mygale.org
937	qgillet@spray.fr
938	alexandriadias@caramail.fr
939	colletamelie@mygale.org
940	aime30@mygale.org
941	hturpin@caramail.fr
942	neveumargaret@mygale.org
943	aurelie86@spray.fr
944	webercorinne@mygale.org
945	delahayejacques@caramail.fr
946	marchandodette@spray.fr
947	opeltier@spray.fr
948	francoiselejeune@spray.fr
949	isaac03@mygale.org
950	bergeralix@caramail.fr
951	matthieurossi@caramail.fr
952	thomas24@mygale.org
953	iperez@caramail.fr
954	cbailly@spray.fr
955	bernardleger@mygale.org
956	aimedubois@mygale.org
957	rgaillard@spray.fr
958	icosta@spray.fr
959	michelleduval@spray.fr
960	hgallet@caramail.fr
961	lelievredorothee@caramail.fr
962	laurentlaurent@spray.fr
963	mblot@caramail.fr
964	wblot@caramail.fr
965	clejeune@spray.fr
966	benjamin88@caramail.fr
967	iruiz@caramail.fr
968	stephanieda-costa@caramail.fr
969	andretorres@spray.fr
970	galletmarine@caramail.fr
971	mendesfrancois@mygale.org
972	jeanallain@caramail.fr
973	margaudprevost@mygale.org
974	mvalette@caramail.fr
975	xleroux@mygale.org
976	marysede-sousa@mygale.org
977	jerome11@spray.fr
978	martinelise@caramail.fr
979	uferreira@spray.fr
980	marine87@mygale.org
981	elisabethlambert@spray.fr
982	llecomte@caramail.fr
983	mrodrigues@caramail.fr
984	guilbertsophie@spray.fr
985	gilbertbaron@mygale.org
986	agathedumont@spray.fr
987	chauveaumarcel@caramail.fr
988	xleleu@spray.fr
989	margaud95@caramail.fr
990	cbertrand@mygale.org
991	colette28@spray.fr
992	luce99@caramail.fr
993	williamneveu@spray.fr
994	marieteixeira@mygale.org
995	brigitte61@spray.fr
996	peronemilie@spray.fr
997	alexandre46@mygale.org
998	cbouvet@mygale.org
999	ogregoire@caramail.fr
